trade_id,backtest_id,trade_time,price,quantity,side
TRD0001,BT001,2024-01-02 09:30:00,178.9,200,buy
TRD0002,BT001,2024-01-02 09:35:00,178.0,200,sell
TRD0003,BT001,2024-01-02 09:40:00,179.17,100,buy
TRD0004,BT001,2024-01-02 09:45:00,180.34,200,sell
TRD0005,BT001,2024-01-02 09:50:00,181.46,150,buy
TRD0006,BT001,2024-01-02 09:55:00,181.98,50,sell
TRD0007,BT001,2024-01-02 10:00:00,181.32,200,buy
TRD0008,BT001,2024-01-02 10:05:00,180.24,150,sell
TRD0009,BT001,2024-01-02 10:10:00,179.11,150,buy
TRD0010,BT001,2024-01-02 10:15:00,180.2,150,sell
TRD0011,BT001,2024-01-02 10:20:00,181.43,200,buy
TRD0012,BT001,2024-01-02 10:25:00,180.82,200,sell
TRD0013,BT001,2024-01-02 10:30:00,182.15,100,buy
TRD0014,BT001,2024-01-02 10:35:00,183.25,100,sell
TRD0015,BT001,2024-01-02 10:40:00,182.73,150,buy
TRD0016,BT001,2024-01-02 10:45:00,182.54,200,sell
TRD0017,BT001,2024-01-02 10:50:00,182.29,50,buy
TRD0018,BT001,2024-01-02 10:55:00,183.68,100,sell
TRD0019,BT001,2024-01-02 11:00:00,183.66,100,buy
TRD0020,BT001,2024-01-02 11:05:00,185.1,50,sell
TRD0021,BT001,2024-01-02 11:10:00,183.93,150,buy
TRD0022,BT001,2024-01-02 11:15:00,183.96,200,sell
TRD0023,BT001,2024-01-02 11:20:00,184.63,200,buy
TRD0024,BT001,2024-01-02 11:25:00,184.04,200,sell
TRD0025,BT001,2024-01-02 11:30:00,183.97,150,buy
TRD0026,BT001,2024-01-02 11:35:00,183.48,100,sell
TRD0027,BT001,2024-01-02 11:40:00,182.73,150,buy
TRD0028,BT001,2024-01-02 11:45:00,181.43,200,sell
TRD0029,BT001,2024-01-02 11:50:00,180.25,200,buy
TRD0030,BT001,2024-01-02 11:55:00,179.97,50,sell
TRD0031,BT001,2024-01-02 12:00:00,179.66,150,buy
TRD0032,BT001,2024-01-02 12:05:00,178.38,50,sell
TRD0033,BT001,2024-01-02 12:10:00,177.14,100,buy
TRD0034,BT001,2024-01-02 12:15:00,177.59,100,sell
TRD0035,BT001,2024-01-02 12:20:00,176.92,100,buy
TRD0036,BT001,2024-01-02 12:25:00,177.74,50,sell
TRD0037,BT001,2024-01-02 12:30:00,178.14,200,buy
TRD0038,BT001,2024-01-02 12:35:00,177.85,50,sell
TRD0039,BT001,2024-01-02 12:40:00,178.05,200,buy
TRD0040,BT001,2024-01-02 12:45:00,177.84,100,sell
TRD0041,BT001,2024-01-02 12:50:00,176.89,50,buy
TRD0042,BT001,2024-01-02 12:55:00,177.86,50,sell
TRD0043,BT001,2024-01-02 13:00:00,179.14,150,buy
TRD0044,BT001,2024-01-02 13:05:00,178.19,150,sell
TRD0045,BT001,2024-01-02 13:10:00,177.33,50,buy
TRD0046,BT001,2024-01-02 13:15:00,178.28,100,sell
TRD0047,BT001,2024-01-02 13:20:00,179.72,200,buy
TRD0048,BT001,2024-01-02 13:25:00,178.66,100,sell
TRD0049,BT001,2024-01-02 13:30:00,177.53,50,buy
TRD0050,BT001,2024-01-02 13:35:00,178.97,100,sell
TRD0051,BT001,2024-01-02 13:40:00,179.05,200,buy
TRD0052,BT001,2024-01-02 13:45:00,178.88,100,sell
TRD0053,BT001,2024-01-02 13:50:00,177.9,50,buy
TRD0054,BT001,2024-01-02 13:55:00,177.76,200,sell
TRD0055,BT001,2024-01-02 14:00:00,177.97,50,buy
TRD0056,BT001,2024-01-02 14:05:00,177.37,100,sell
TRD0057,BT001,2024-01-02 14:10:00,177.32,200,buy
TRD0058,BT001,2024-01-02 14:15:00,177.14,200,sell
TRD0059,BT001,2024-01-02 14:20:00,178.29,50,buy
TRD0060,BT001,2024-01-02 14:25:00,179.18,150,sell
TRD0061,BT001,2024-01-02 14:30:00,179.19,150,buy
TRD0062,BT001,2024-01-02 14:35:00,179.92,150,sell
TRD0063,BT001,2024-01-02 14:40:00,181.08,200,buy
TRD0064,BT001,2024-01-02 14:45:00,180.58,50,sell
TRD0065,BT001,2024-01-02 14:50:00,181.3,100,buy
TRD0066,BT001,2024-01-02 14:55:00,181.5,100,sell
TRD0067,BT001,2024-01-02 15:00:00,182.55,50,buy
TRD0068,BT001,2024-01-02 15:05:00,183.49,50,sell
TRD0069,BT001,2024-01-02 15:10:00,184.56,50,buy
TRD0070,BT001,2024-01-02 15:15:00,185.94,200,sell
TRD0071,BT001,2024-01-02 15:20:00,186.79,200,buy
TRD0072,BT001,2024-01-02 15:25:00,186.29,50,sell
TRD0073,BT001,2024-01-02 15:30:00,184.86,200,buy
TRD0074,BT001,2024-01-02 15:35:00,184.57,100,sell
TRD0075,BT001,2024-01-02 15:40:00,183.67,50,buy
TRD0076,BT001,2024-01-02 15:45:00,184.96,200,sell
TRD0077,BT001,2024-01-02 15:50:00,185.64,100,buy
TRD0078,BT001,2024-01-02 15:55:00,186.59,200,sell
TRD0079,BT001,2024-01-02 16:00:00,185.45,50,buy
TRD0080,BT001,2024-01-02 16:05:00,184.33,100,sell
TRD0081,BT001,2024-01-02 16:10:00,183.49,150,buy
TRD0082,BT001,2024-01-02 16:15:00,183.6,100,sell
TRD0083,BT001,2024-01-02 16:20:00,182.38,200,buy
TRD0084,BT001,2024-01-02 16:25:00,181.38,150,sell
TRD0085,BT001,2024-01-02 16:30:00,180.04,200,buy
TRD0086,BT001,2024-01-02 16:35:00,180.52,150,sell
TRD0087,BT001,2024-01-02 16:40:00,180.75,150,buy
TRD0088,BT001,2024-01-02 16:45:00,181.05,200,sell
TRD0089,BT001,2024-01-02 16:50:00,181.51,50,buy
TRD0090,BT001,2024-01-02 16:55:00,182.46,150,sell
TRD0091,BT001,2024-01-02 17:00:00,182.48,50,buy
TRD0092,BT001,2024-01-02 17:05:00,182.75,200,sell
TRD0093,BT001,2024-01-02 17:10:00,182.4,150,buy
TRD0094,BT001,2024-01-02 17:15:00,181.86,200,sell
TRD0095,BT001,2024-01-02 17:20:00,183.02,150,buy
TRD0096,BT001,2024-01-02 17:25:00,184.3,50,sell
TRD0097,BT001,2024-01-02 17:30:00,182.96,150,buy
TRD0098,BT001,2024-01-02 17:35:00,184.26,50,sell
TRD0099,BT001,2024-01-02 17:40:00,183.49,200,buy
TRD0100,BT001,2024-01-02 17:45:00,182.75,100,sell
TRD0101,BT001,2024-01-02 17:50:00,184.17,200,buy
TRD0102,BT001,2024-01-02 17:55:00,185.21,200,sell
TRD0103,BT001,2024-01-02 18:00:00,185.66,200,buy
TRD0104,BT001,2024-01-02 18:05:00,184.41,100,sell
TRD0105,BT001,2024-01-02 18:10:00,184.94,200,buy
TRD0106,BT001,2024-01-02 18:15:00,185.83,200,sell
TRD0107,BT001,2024-01-02 18:20:00,186.52,200,buy
TRD0108,BT001,2024-01-02 18:25:00,187.72,100,sell
TRD0109,BT001,2024-01-02 18:30:00,186.32,200,buy
TRD0110,BT001,2024-01-02 18:35:00,186.97,50,sell
TRD0111,BT001,2024-01-02 18:40:00,187.63,200,buy
TRD0112,BT001,2024-01-02 18:45:00,186.54,150,sell
TRD0113,BT001,2024-01-02 18:50:00,185.05,50,buy
TRD0114,BT001,2024-01-02 18:55:00,184.06,150,sell
TRD0115,BT001,2024-01-02 19:00:00,185.32,100,buy
TRD0116,BT001,2024-01-02 19:05:00,185.56,100,sell
TRD0117,BT001,2024-01-02 19:10:00,186.39,100,buy
TRD0118,BT001,2024-01-02 19:15:00,185.76,50,sell
TRD0119,BT001,2024-01-02 19:20:00,184.85,200,buy
TRD0120,BT001,2024-01-02 19:25:00,183.49,150,sell
TRD0121,BT001,2024-01-02 19:30:00,184.33,50,buy
TRD0122,BT001,2024-01-02 19:35:00,184.86,100,sell
TRD0123,BT001,2024-01-02 19:40:00,184.49,200,buy
TRD0124,BT001,2024-01-02 19:45:00,184.9,200,sell
TRD0125,BT001,2024-01-02 19:50:00,183.48,50,buy
TRD0126,BT001,2024-01-02 19:55:00,184.83,150,sell
TRD0127,BT001,2024-01-02 20:00:00,184.7,150,buy
TRD0128,BT001,2024-01-02 20:05:00,183.3,100,sell
TRD0129,BT001,2024-01-02 20:10:00,183.1,50,buy
TRD0130,BT001,2024-01-02 20:15:00,181.95,200,sell
TRD0131,BT001,2024-01-02 20:20:00,180.6,100,buy
TRD0132,BT001,2024-01-02 20:25:00,181.28,150,sell
TRD0133,BT001,2024-01-02 20:30:00,180.44,200,buy
TRD0134,BT001,2024-01-02 20:35:00,179.21,100,sell
TRD0135,BT001,2024-01-02 20:40:00,178.68,50,buy
TRD0136,BT001,2024-01-02 20:45:00,179.06,150,sell
TRD0137,BT001,2024-01-02 20:50:00,178.28,150,buy
TRD0138,BT001,2024-01-02 20:55:00,179.48,200,sell
TRD0139,BT001,2024-01-02 21:00:00,179.37,200,buy
TRD0140,BT001,2024-01-02 21:05:00,180.05,50,sell
TRD0141,BT001,2024-01-02 21:10:00,180.62,200,buy
TRD0142,BT001,2024-01-02 21:15:00,180.6,50,sell
TRD0143,BT001,2024-01-02 21:20:00,179.16,100,buy
TRD0144,BT001,2024-01-02 21:25:00,177.71,200,sell
TRD0145,BT001,2024-01-02 21:30:00,178.54,150,buy
TRD0146,BT001,2024-01-02 21:35:00,179.37,50,sell
TRD0147,BT001,2024-01-02 21:40:00,178.09,100,buy
TRD0148,BT001,2024-01-02 21:45:00,177.76,100,sell
TRD0149,BT001,2024-01-02 21:50:00,178.77,200,buy
TRD0150,BT001,2024-01-02 21:55:00,179.48,50,sell
TRD0151,BT001,2024-01-02 22:00:00,179.11,200,buy
TRD0152,BT001,2024-01-02 22:05:00,178.43,100,sell
TRD0153,BT001,2024-01-02 22:10:00,179.82,50,buy
TRD0154,BT001,2024-01-02 22:15:00,179.38,50,sell
TRD0155,BT001,2024-01-02 22:20:00,179.6,50,buy
TRD0156,BT001,2024-01-02 22:25:00,180.47,200,sell
TRD0157,BT001,2024-01-02 22:30:00,181.95,150,buy
TRD0158,BT001,2024-01-02 22:35:00,181.04,50,sell
TRD0159,BT001,2024-01-02 22:40:00,182.36,200,buy
TRD0160,BT001,2024-01-02 22:45:00,181.61,200,sell
TRD0161,BT001,2024-01-02 22:50:00,182.43,150,buy
TRD0162,BT001,2024-01-02 22:55:00,182.3,150,sell
TRD0163,BT001,2024-01-02 23:00:00,180.92,100,buy
TRD0164,BT001,2024-01-02 23:05:00,181.08,200,sell
TRD0165,BT001,2024-01-02 23:10:00,181.38,150,buy
TRD0166,BT001,2024-01-02 23:15:00,181.15,200,sell
TRD0167,BT001,2024-01-02 23:20:00,181.08,150,buy
TRD0168,BT001,2024-01-02 23:25:00,182.2,150,sell
TRD0169,BT001,2024-01-02 23:30:00,181.51,50,buy
TRD0170,BT001,2024-01-02 23:35:00,181.39,100,sell
TRD0171,BT001,2024-01-02 23:40:00,181.52,200,buy
TRD0172,BT001,2024-01-02 23:45:00,180.2,150,sell
TRD0173,BT001,2024-01-02 23:50:00,180.31,100,buy
TRD0174,BT001,2024-01-02 23:55:00,181.79,50,sell
TRD0175,BT001,2024-01-03 00:00:00,183.2,50,buy
TRD0176,BT001,2024-01-03 00:05:00,182.13,100,sell
TRD0177,BT001,2024-01-03 00:10:00,181.36,200,buy
TRD0178,BT001,2024-01-03 00:15:00,182.77,50,sell
TRD0179,BT001,2024-01-03 00:20:00,183.57,150,buy
TRD0180,BT001,2024-01-03 00:25:00,183.38,150,sell
TRD0181,BT001,2024-01-03 00:30:00,182.78,150,buy
TRD0182,BT001,2024-01-03 00:35:00,184.05,50,sell
TRD0183,BT001,2024-01-03 00:40:00,184.29,200,buy
TRD0184,BT001,2024-01-03 00:45:00,183.91,200,sell
TRD0185,BT001,2024-01-03 00:50:00,185.39,200,buy
TRD0186,BT001,2024-01-03 00:55:00,186.66,50,sell
TRD0187,BT001,2024-01-03 01:00:00,188.04,150,buy
TRD0188,BT001,2024-01-03 01:05:00,188.43,150,sell
TRD0189,BT001,2024-01-03 01:10:00,189.18,100,buy
TRD0190,BT001,2024-01-03 01:15:00,190.07,200,sell
TRD0191,BT001,2024-01-03 01:20:00,190.75,50,buy
TRD0192,BT001,2024-01-03 01:25:00,190.01,150,sell
TRD0193,BT001,2024-01-03 01:30:00,191.38,150,buy
TRD0194,BT001,2024-01-03 01:35:00,190.55,150,sell
TRD0195,BT001,2024-01-03 01:40:00,190.65,150,buy
TRD0196,BT001,2024-01-03 01:45:00,191.04,200,sell
TRD0197,BT001,2024-01-03 01:50:00,191.2,100,buy
TRD0198,BT001,2024-01-03 01:55:00,190.2,200,sell
TRD0199,BT001,2024-01-03 02:00:00,191.39,100,buy
TRD0200,BT001,2024-01-03 02:05:00,190.59,50,sell
TRD0201,BT001,2024-01-03 02:10:00,190.49,150,buy
TRD0202,BT001,2024-01-03 02:15:00,189.68,150,sell
TRD0203,BT001,2024-01-03 02:20:00,188.67,100,buy
TRD0204,BT001,2024-01-03 02:25:00,189.2,50,sell
TRD0205,BT001,2024-01-03 02:30:00,190.06,150,buy
TRD0206,BT001,2024-01-03 02:35:00,188.6,50,sell
TRD0207,BT001,2024-01-03 02:40:00,188.46,50,buy
TRD0208,BT001,2024-01-03 02:45:00,188.77,200,sell
TRD0209,BT001,2024-01-03 02:50:00,188.22,100,buy
TRD0210,BT001,2024-01-03 02:55:00,187.09,150,sell
TRD0211,BT001,2024-01-03 03:00:00,188.39,150,buy
TRD0212,BT001,2024-01-03 03:05:00,188.88,150,sell
TRD0213,BT001,2024-01-03 03:10:00,188.74,150,buy
TRD0214,BT001,2024-01-03 03:15:00,190.2,50,sell
TRD0215,BT001,2024-01-03 03:20:00,188.76,200,buy
TRD0216,BT001,2024-01-03 03:25:00,188.78,150,sell
TRD0217,BT001,2024-01-03 03:30:00,188.2,50,buy
TRD0218,BT001,2024-01-03 03:35:00,188.26,200,sell
TRD0219,BT001,2024-01-03 03:40:00,188.39,200,buy
TRD0220,BT001,2024-01-03 03:45:00,188.56,50,sell
TRD0221,BT001,2024-01-03 03:50:00,188.97,200,buy
TRD0222,BT001,2024-01-03 03:55:00,188.21,50,sell
TRD0223,BT001,2024-01-03 04:00:00,189.06,200,buy
TRD0224,BT001,2024-01-03 04:05:00,190.32,50,sell
TRD0225,BT001,2024-01-03 04:10:00,191.01,100,buy
TRD0226,BT001,2024-01-03 04:15:00,192.06,200,sell
TRD0227,BT001,2024-01-03 04:20:00,191.34,50,buy
TRD0228,BT001,2024-01-03 04:25:00,190.56,150,sell
TRD0229,BT001,2024-01-03 04:30:00,190.44,100,buy
TRD0230,BT001,2024-01-03 04:35:00,190.97,200,sell
TRD0231,BT001,2024-01-03 04:40:00,191.5,50,buy
TRD0232,BT001,2024-01-03 04:45:00,191.17,50,sell
TRD0233,BT001,2024-01-03 04:50:00,192.12,50,buy
TRD0234,BT001,2024-01-03 04:55:00,193.52,100,sell
TRD0235,BT001,2024-01-03 05:00:00,193.84,200,buy
TRD0236,BT001,2024-01-03 05:05:00,192.62,100,sell
TRD0237,BT001,2024-01-03 05:10:00,193.31,100,buy
TRD0238,BT001,2024-01-03 05:15:00,193.39,150,sell
TRD0239,BT001,2024-01-03 05:20:00,194.36,100,buy
TRD0240,BT001,2024-01-03 05:25:00,193.29,100,sell
TRD0241,BT001,2024-01-03 05:30:00,194.59,150,buy
TRD0242,BT001,2024-01-03 05:35:00,193.56,150,sell
TRD0243,BT001,2024-01-03 05:40:00,194.21,50,buy
TRD0244,BT001,2024-01-03 05:45:00,193.34,100,sell
TRD0245,BT001,2024-01-03 05:50:00,192.78,50,buy
TRD0246,BT001,2024-01-03 05:55:00,191.56,50,sell
TRD0247,BT001,2024-01-03 06:00:00,192.17,200,buy
TRD0248,BT001,2024-01-03 06:05:00,193.47,50,sell
TRD0249,BT001,2024-01-03 06:10:00,193.89,150,buy
TRD0250,BT001,2024-01-03 06:15:00,194.96,150,sell
TRD0251,BT001,2024-01-03 06:20:00,195.51,100,buy
TRD0252,BT001,2024-01-03 06:25:00,195.56,50,sell
TRD0253,BT001,2024-01-03 06:30:00,195.67,100,buy
TRD0254,BT001,2024-01-03 06:35:00,195.95,150,sell
TRD0255,BT001,2024-01-03 06:40:00,196.17,100,buy
TRD0256,BT001,2024-01-03 06:45:00,197.35,100,sell
TRD0257,BT001,2024-01-03 06:50:00,196.07,200,buy
TRD0258,BT001,2024-01-03 06:55:00,195.64,100,sell
TRD0259,BT001,2024-01-03 07:00:00,196.52,100,buy
TRD0260,BT001,2024-01-03 07:05:00,197.71,50,sell
TRD0261,BT001,2024-01-03 07:10:00,197.08,50,buy
TRD0262,BT001,2024-01-03 07:15:00,195.68,200,sell
TRD0263,BT001,2024-01-03 07:20:00,194.35,200,buy
TRD0264,BT001,2024-01-03 07:25:00,194.28,50,sell
TRD0265,BT001,2024-01-03 07:30:00,194.99,100,buy
TRD0266,BT001,2024-01-03 07:35:00,195.69,100,sell
TRD0267,BT001,2024-01-03 07:40:00,194.99,50,buy
TRD0268,BT001,2024-01-03 07:45:00,193.77,100,sell
TRD0269,BT001,2024-01-03 07:50:00,193.92,50,buy
TRD0270,BT001,2024-01-03 07:55:00,194.65,100,sell
TRD0271,BT001,2024-01-03 08:00:00,193.93,100,buy
TRD0272,BT001,2024-01-03 08:05:00,192.51,50,sell
TRD0273,BT001,2024-01-03 08:10:00,191.83,50,buy
TRD0274,BT001,2024-01-03 08:15:00,192.92,50,sell
TRD0275,BT001,2024-01-03 08:20:00,191.98,50,buy
TRD0276,BT001,2024-01-03 08:25:00,191.61,150,sell
TRD0277,BT001,2024-01-03 08:30:00,190.55,100,buy
TRD0278,BT001,2024-01-03 08:35:00,191.83,100,sell
TRD0279,BT001,2024-01-03 08:40:00,191.36,50,buy
TRD0280,BT001,2024-01-03 08:45:00,191.72,100,sell
TRD0281,BT001,2024-01-03 08:50:00,190.86,50,buy
TRD0282,BT001,2024-01-03 08:55:00,189.86,100,sell
TRD0283,BT001,2024-01-03 09:00:00,190.1,50,buy
TRD0284,BT001,2024-01-03 09:05:00,189.72,50,sell
TRD0285,BT001,2024-01-03 09:10:00,188.36,150,buy
TRD0286,BT001,2024-01-03 09:15:00,188.88,50,sell
TRD0287,BT001,2024-01-03 09:20:00,189.6,200,buy
TRD0288,BT001,2024-01-03 09:25:00,188.49,200,sell
TRD0289,BT001,2024-01-03 09:30:00,189.27,200,buy
TRD0290,BT001,2024-01-03 09:35:00,190.56,150,sell
TRD0291,BT001,2024-01-03 09:40:00,189.3,150,buy
TRD0292,BT001,2024-01-03 09:45:00,188.13,200,sell
TRD0293,BT001,2024-01-03 09:50:00,187.21,100,buy
TRD0294,BT001,2024-01-03 09:55:00,187.53,200,sell
TRD0295,BT001,2024-01-03 10:00:00,188.68,50,buy
TRD0296,BT001,2024-01-03 10:05:00,188.64,200,sell
TRD0297,BT001,2024-01-03 10:10:00,188.06,100,buy
TRD0298,BT001,2024-01-03 10:15:00,187.81,50,sell
TRD0299,BT001,2024-01-03 10:20:00,187.75,100,buy
TRD0300,BT001,2024-01-03 10:25:00,188.93,50,sell
TRD0301,BT001,2024-01-03 10:30:00,190.03,100,buy
TRD0302,BT001,2024-01-03 10:35:00,190.76,100,sell
TRD0303,BT001,2024-01-03 10:40:00,191.9,50,buy
TRD0304,BT001,2024-01-03 10:45:00,193.04,50,sell
TRD0305,BT001,2024-01-03 10:50:00,194.38,50,buy
TRD0306,BT001,2024-01-03 10:55:00,195.67,100,sell
TRD0307,BT001,2024-01-03 11:00:00,195.66,50,buy
TRD0308,BT001,2024-01-03 11:05:00,196.63,150,sell
TRD0309,BT001,2024-01-03 11:10:00,197.88,100,buy
TRD0310,BT001,2024-01-03 11:15:00,198.86,200,sell
TRD0311,BT001,2024-01-03 11:20:00,198.78,150,buy
TRD0312,BT001,2024-01-03 11:25:00,198.68,150,sell
TRD0313,BT001,2024-01-03 11:30:00,198.34,200,buy
TRD0314,BT001,2024-01-03 11:35:00,196.92,200,sell
TRD0315,BT001,2024-01-03 11:40:00,195.45,200,buy
TRD0316,BT001,2024-01-03 11:45:00,195.97,100,sell
TRD0317,BT001,2024-01-03 11:50:00,194.88,50,buy
TRD0318,BT001,2024-01-03 11:55:00,195.29,100,sell
TRD0319,BT001,2024-01-03 12:00:00,195.8,150,buy
TRD0320,BT001,2024-01-03 12:05:00,196.79,50,sell
TRD0321,BT001,2024-01-03 12:10:00,197.62,50,buy
TRD0322,BT001,2024-01-03 12:15:00,196.94,100,sell
TRD0323,BT001,2024-01-03 12:20:00,196.82,200,buy
TRD0324,BT001,2024-01-03 12:25:00,196.35,200,sell
TRD0325,BT001,2024-01-03 12:30:00,195.13,200,buy
TRD0326,BT001,2024-01-03 12:35:00,196.04,200,sell
TRD0327,BT001,2024-01-03 12:40:00,196.42,100,buy
TRD0328,BT001,2024-01-03 12:45:00,197.12,50,sell
TRD0329,BT001,2024-01-03 12:50:00,197.28,50,buy
TRD0330,BT001,2024-01-03 12:55:00,198.52,50,sell
TRD0331,BT001,2024-01-03 13:00:00,197.18,150,buy
TRD0332,BT001,2024-01-03 13:05:00,197.32,100,sell
TRD0333,BT001,2024-01-03 13:10:00,196.12,100,buy
TRD0334,BT001,2024-01-03 13:15:00,195.6,50,sell
TRD0335,BT001,2024-01-03 13:20:00,197.03,100,buy
TRD0336,BT001,2024-01-03 13:25:00,195.84,100,sell
TRD0337,BT001,2024-01-03 13:30:00,196.36,50,buy
TRD0338,BT001,2024-01-03 13:35:00,196.99,150,sell
TRD0339,BT001,2024-01-03 13:40:00,195.68,150,buy
TRD0340,BT001,2024-01-03 13:45:00,194.23,150,sell
TRD0341,BT001,2024-01-03 13:50:00,194.42,200,buy
TRD0342,BT001,2024-01-03 13:55:00,193.09,200,sell
TRD0343,BT001,2024-01-03 14:00:00,193.32,100,buy
TRD0344,BT001,2024-01-03 14:05:00,194.25,50,sell
TRD0345,BT001,2024-01-03 14:10:00,194.78,200,buy
TRD0346,BT001,2024-01-03 14:15:00,194.12,100,sell
TRD0347,BT001,2024-01-03 14:20:00,193.38,100,buy
TRD0348,BT001,2024-01-03 14:25:00,193.33,50,sell
TRD0349,BT001,2024-01-03 14:30:00,194.06,100,buy
TRD0350,BT001,2024-01-03 14:35:00,192.86,150,sell
TRD0351,BT001,2024-01-03 14:40:00,192.43,50,buy
TRD0352,BT001,2024-01-03 14:45:00,192.92,100,sell
TRD0353,BT001,2024-01-03 14:50:00,194.2,200,buy
TRD0354,BT001,2024-01-03 14:55:00,192.79,50,sell
TRD0355,BT001,2024-01-03 15:00:00,193.54,50,buy
TRD0356,BT001,2024-01-03 15:05:00,193.91,100,sell
TRD0357,BT001,2024-01-03 15:10:00,193.83,50,buy
TRD0358,BT001,2024-01-03 15:15:00,194.71,200,sell
TRD0359,BT001,2024-01-03 15:20:00,193.88,200,buy
TRD0360,BT001,2024-01-03 15:25:00,194.77,150,sell
TRD0361,BT001,2024-01-03 15:30:00,194.68,150,buy
TRD0362,BT001,2024-01-03 15:35:00,195.71,50,sell
TRD0363,BT001,2024-01-03 15:40:00,196.93,50,buy
TRD0364,BT001,2024-01-03 15:45:00,197.76,200,sell
TRD0365,BT001,2024-01-03 15:50:00,198.15,100,buy
TRD0366,BT001,2024-01-03 15:55:00,198.14,100,sell
TRD0367,BT001,2024-01-03 16:00:00,198.39,200,buy
TRD0368,BT001,2024-01-03 16:05:00,199.53,200,sell
TRD0369,BT001,2024-01-03 16:10:00,201.0,100,buy
TRD0370,BT001,2024-01-03 16:15:00,202.04,200,sell
TRD0371,BT001,2024-01-03 16:20:00,202.04,200,buy
TRD0372,BT001,2024-01-03 16:25:00,202.09,150,sell
TRD0373,BT001,2024-01-03 16:30:00,201.29,150,buy
TRD0374,BT001,2024-01-03 16:35:00,201.59,150,sell
TRD0375,BT001,2024-01-03 16:40:00,202.0,100,buy
TRD0376,BT001,2024-01-03 16:45:00,201.14,50,sell
TRD0377,BT001,2024-01-03 16:50:00,201.63,200,buy
TRD0378,BT001,2024-01-03 16:55:00,202.51,200,sell
TRD0379,BT001,2024-01-03 17:00:00,201.04,100,buy
TRD0380,BT001,2024-01-03 17:05:00,202.15,150,sell
TRD0381,BT001,2024-01-03 17:10:00,202.43,100,buy
TRD0382,BT001,2024-01-03 17:15:00,201.47,200,sell
TRD0383,BT001,2024-01-03 17:20:00,200.45,150,buy
TRD0384,BT001,2024-01-03 17:25:00,200.18,200,sell
TRD0385,BT001,2024-01-03 17:30:00,199.25,200,buy
TRD0386,BT001,2024-01-03 17:35:00,200.15,150,sell
TRD0387,BT001,2024-01-03 17:40:00,200.82,200,buy
TRD0388,BT001,2024-01-03 17:45:00,201.99,200,sell
TRD0389,BT001,2024-01-03 17:50:00,202.32,150,buy
TRD0390,BT001,2024-01-03 17:55:00,200.91,150,sell
TRD0391,BT001,2024-01-03 18:00:00,201.73,50,buy
TRD0392,BT001,2024-01-03 18:05:00,201.01,50,sell
TRD0393,BT001,2024-01-03 18:10:00,200.27,200,buy
TRD0394,BT001,2024-01-03 18:15:00,199.32,200,sell
TRD0395,BT001,2024-01-03 18:20:00,198.74,50,buy
TRD0396,BT001,2024-01-03 18:25:00,197.69,50,sell
TRD0397,BT001,2024-01-03 18:30:00,198.05,150,buy
TRD0398,BT001,2024-01-03 18:35:00,197.11,50,sell
TRD0399,BT001,2024-01-03 18:40:00,197.0,200,buy
TRD0400,BT001,2024-01-03 18:45:00,197.21,150,sell
TRD0401,BT001,2024-01-03 18:50:00,198.42,50,buy
TRD0402,BT001,2024-01-03 18:55:00,196.96,200,sell
TRD0403,BT001,2024-01-03 19:00:00,197.5,200,buy
TRD0404,BT001,2024-01-03 19:05:00,196.52,100,sell
TRD0405,BT001,2024-01-03 19:10:00,196.69,200,buy
TRD0406,BT001,2024-01-03 19:15:00,197.52,50,sell
TRD0407,BT001,2024-01-03 19:20:00,197.05,200,buy
TRD0408,BT001,2024-01-03 19:25:00,196.2,50,sell
TRD0409,BT001,2024-01-03 19:30:00,197.46,50,buy
TRD0410,BT001,2024-01-03 19:35:00,198.03,200,sell
TRD0411,BT001,2024-01-03 19:40:00,196.94,100,buy
TRD0412,BT001,2024-01-03 19:45:00,195.6,200,sell
TRD0413,BT001,2024-01-03 19:50:00,194.53,150,buy
TRD0414,BT001,2024-01-03 19:55:00,195.85,200,sell
TRD0415,BT001,2024-01-03 20:00:00,195.99,50,buy
TRD0416,BT001,2024-01-03 20:05:00,194.95,100,sell
TRD0417,BT001,2024-01-03 20:10:00,194.97,100,buy
TRD0418,BT001,2024-01-03 20:15:00,193.99,50,sell
TRD0419,BT001,2024-01-03 20:20:00,194.62,100,buy
TRD0420,BT001,2024-01-03 20:25:00,193.91,100,sell
TRD0421,BT001,2024-01-03 20:30:00,192.43,150,buy
TRD0422,BT001,2024-01-03 20:35:00,193.47,50,sell
TRD0423,BT001,2024-01-03 20:40:00,191.97,50,buy
TRD0424,BT001,2024-01-03 20:45:00,191.25,200,sell
TRD0425,BT001,2024-01-03 20:50:00,190.49,200,buy
TRD0426,BT001,2024-01-03 20:55:00,189.97,150,sell
TRD0427,BT001,2024-01-03 21:00:00,189.35,100,buy
TRD0428,BT001,2024-01-03 21:05:00,189.39,200,sell
TRD0429,BT001,2024-01-03 21:10:00,188.06,50,buy
TRD0430,BT001,2024-01-03 21:15:00,187.07,100,sell
TRD0431,BT001,2024-01-03 21:20:00,187.7,100,buy
TRD0432,BT001,2024-01-03 21:25:00,186.55,100,sell
TRD0433,BT001,2024-01-03 21:30:00,187.62,100,buy
TRD0434,BT001,2024-01-03 21:35:00,186.38,50,sell
TRD0435,BT001,2024-01-03 21:40:00,187.49,150,buy
TRD0436,BT001,2024-01-03 21:45:00,187.0,100,sell
TRD0437,BT001,2024-01-03 21:50:00,188.13,100,buy
TRD0438,BT001,2024-01-03 21:55:00,188.95,100,sell
TRD0439,BT001,2024-01-03 22:00:00,188.5,200,buy
TRD0440,BT001,2024-01-03 22:05:00,189.28,100,sell
TRD0441,BT001,2024-01-03 22:10:00,190.57,100,buy
TRD0442,BT001,2024-01-03 22:15:00,189.65,150,sell
TRD0443,BT001,2024-01-03 22:20:00,190.54,200,buy
TRD0444,BT001,2024-01-03 22:25:00,190.95,150,sell
TRD0445,BT001,2024-01-03 22:30:00,191.84,50,buy
TRD0446,BT001,2024-01-03 22:35:00,193.21,50,sell
TRD0447,BT001,2024-01-03 22:40:00,194.15,150,buy
TRD0448,BT001,2024-01-03 22:45:00,193.5,50,sell
TRD0449,BT001,2024-01-03 22:50:00,194.1,150,buy
TRD0450,BT001,2024-01-03 22:55:00,194.84,200,sell
TRD0451,BT001,2024-01-03 23:00:00,193.87,50,buy
TRD0452,BT001,2024-01-03 23:05:00,193.59,50,sell
TRD0453,BT001,2024-01-03 23:10:00,194.23,100,buy
TRD0454,BT001,2024-01-03 23:15:00,193.57,150,sell
TRD0455,BT001,2024-01-03 23:20:00,192.78,150,buy
TRD0456,BT001,2024-01-03 23:25:00,192.45,200,sell
TRD0457,BT001,2024-01-03 23:30:00,191.05,200,buy
TRD0458,BT001,2024-01-03 23:35:00,190.31,200,sell
TRD0459,BT001,2024-01-03 23:40:00,191.24,150,buy
TRD0460,BT001,2024-01-03 23:45:00,190.42,150,sell
TRD0461,BT001,2024-01-03 23:50:00,191.63,150,buy
TRD0462,BT001,2024-01-03 23:55:00,190.35,50,sell
TRD0463,BT001,2024-01-04 00:00:00,190.82,200,buy
TRD0464,BT001,2024-01-04 00:05:00,191.57,200,sell
TRD0465,BT001,2024-01-04 00:10:00,191.65,150,buy
TRD0466,BT001,2024-01-04 00:15:00,192.01,50,sell
TRD0467,BT001,2024-01-04 00:20:00,190.93,200,buy
TRD0468,BT001,2024-01-04 00:25:00,190.68,50,sell
TRD0469,BT001,2024-01-04 00:30:00,189.29,200,buy
TRD0470,BT001,2024-01-04 00:35:00,190.16,100,sell
TRD0471,BT001,2024-01-04 00:40:00,190.19,50,buy
TRD0472,BT001,2024-01-04 00:45:00,188.86,200,sell
TRD0473,BT001,2024-01-04 00:50:00,188.8,50,buy
TRD0474,BT001,2024-01-04 00:55:00,188.91,100,sell
TRD0475,BT001,2024-01-04 01:00:00,189.5,100,buy
TRD0476,BT001,2024-01-04 01:05:00,188.23,150,sell
TRD0477,BT001,2024-01-04 01:10:00,187.22,50,buy
TRD0478,BT001,2024-01-04 01:15:00,187.31,50,sell
TRD0479,BT001,2024-01-04 01:20:00,186.62,200,buy
TRD0480,BT001,2024-01-04 01:25:00,185.45,200,sell
TRD0481,BT001,2024-01-04 01:30:00,184.63,150,buy
TRD0482,BT001,2024-01-04 01:35:00,183.53,200,sell
TRD0483,BT001,2024-01-04 01:40:00,183.62,100,buy
TRD0484,BT001,2024-01-04 01:45:00,184.13,50,sell
TRD0485,BT001,2024-01-04 01:50:00,183.59,50,buy
TRD0486,BT001,2024-01-04 01:55:00,183.87,50,sell
TRD0487,BT001,2024-01-04 02:00:00,183.35,200,buy
TRD0488,BT001,2024-01-04 02:05:00,182.5,200,sell
TRD0489,BT001,2024-01-04 02:10:00,183.05,200,buy
TRD0490,BT001,2024-01-04 02:15:00,183.68,50,sell
TRD0491,BT001,2024-01-04 02:20:00,184.53,150,buy
TRD0492,BT001,2024-01-04 02:25:00,184.1,200,sell
TRD0493,BT001,2024-01-04 02:30:00,185.26,100,buy
TRD0494,BT001,2024-01-04 02:35:00,183.93,200,sell
TRD0495,BT001,2024-01-04 02:40:00,184.27,150,buy
TRD0496,BT001,2024-01-04 02:45:00,184.7,100,sell
TRD0497,BT001,2024-01-04 02:50:00,184.14,200,buy
TRD0498,BT001,2024-01-04 02:55:00,184.64,200,sell
TRD0499,BT001,2024-01-04 03:00:00,183.24,100,buy
TRD0500,BT001,2024-01-04 03:05:00,182.55,50,sell
TRD0501,BT001,2024-01-04 03:10:00,181.17,200,buy
TRD0502,BT001,2024-01-04 03:15:00,181.52,150,sell
TRD0503,BT001,2024-01-04 03:20:00,181.47,50,buy
TRD0504,BT001,2024-01-04 03:25:00,181.65,150,sell
TRD0505,BT001,2024-01-04 03:30:00,182.17,150,buy
TRD0506,BT001,2024-01-04 03:35:00,182.1,100,sell
TRD0507,BT001,2024-01-04 03:40:00,182.25,100,buy
TRD0508,BT001,2024-01-04 03:45:00,181.99,50,sell
TRD0509,BT001,2024-01-04 03:50:00,180.81,200,buy
TRD0510,BT001,2024-01-04 03:55:00,179.56,150,sell
TRD0511,BT001,2024-01-04 04:00:00,179.96,50,buy
TRD0512,BT001,2024-01-04 04:05:00,180.91,200,sell
TRD0513,BT001,2024-01-04 04:10:00,181.7,100,buy
TRD0514,BT001,2024-01-04 04:15:00,181.21,200,sell
TRD0515,BT001,2024-01-04 04:20:00,180.71,50,buy
TRD0516,BT001,2024-01-04 04:25:00,179.39,150,sell
TRD0517,BT001,2024-01-04 04:30:00,178.74,200,buy
TRD0518,BT001,2024-01-04 04:35:00,179.67,100,sell
TRD0519,BT001,2024-01-04 04:40:00,179.6,150,buy
TRD0520,BT001,2024-01-04 04:45:00,178.35,50,sell
TRD0521,BT001,2024-01-04 04:50:00,176.89,200,buy
TRD0522,BT001,2024-01-04 04:55:00,176.63,100,sell
TRD0523,BT001,2024-01-04 05:00:00,176.62,150,buy
TRD0524,BT001,2024-01-04 05:05:00,176.25,50,sell
TRD0525,BT001,2024-01-04 05:10:00,176.39,100,buy
TRD0526,BT001,2024-01-04 05:15:00,175.94,200,sell
TRD0527,BT001,2024-01-04 05:20:00,176.76,50,buy
TRD0528,BT001,2024-01-04 05:25:00,177.54,50,sell
TRD0529,BT001,2024-01-04 05:30:00,176.94,150,buy
TRD0530,BT001,2024-01-04 05:35:00,178.34,200,sell
TRD0531,BT001,2024-01-04 05:40:00,177.35,200,buy
TRD0532,BT001,2024-01-04 05:45:00,176.39,100,sell
TRD0533,BT001,2024-01-04 05:50:00,176.94,100,buy
TRD0534,BT001,2024-01-04 05:55:00,178.41,100,sell
TRD0535,BT001,2024-01-04 06:00:00,177.69,100,buy
TRD0536,BT001,2024-01-04 06:05:00,178.74,100,sell
TRD0537,BT001,2024-01-04 06:10:00,179.1,50,buy
TRD0538,BT001,2024-01-04 06:15:00,177.94,50,sell
TRD0539,BT001,2024-01-04 06:20:00,177.71,150,buy
TRD0540,BT001,2024-01-04 06:25:00,176.96,150,sell
TRD0541,BT001,2024-01-04 06:30:00,175.76,100,buy
TRD0542,BT001,2024-01-04 06:35:00,176.19,100,sell
TRD0543,BT001,2024-01-04 06:40:00,177.46,150,buy
TRD0544,BT001,2024-01-04 06:45:00,178.76,100,sell
TRD0545,BT001,2024-01-04 06:50:00,178.58,50,buy
TRD0546,BT001,2024-01-04 06:55:00,178.56,200,sell
TRD0547,BT001,2024-01-04 07:00:00,177.68,50,buy
TRD0548,BT001,2024-01-04 07:05:00,178.88,50,sell
TRD0549,BT001,2024-01-04 07:10:00,178.9,100,buy
TRD0550,BT001,2024-01-04 07:15:00,180.11,50,sell
TRD0551,BT001,2024-01-04 07:20:00,179.19,150,buy
TRD0552,BT001,2024-01-04 07:25:00,178.93,50,sell
TRD0553,BT001,2024-01-04 07:30:00,179.3,50,buy
TRD0554,BT001,2024-01-04 07:35:00,179.4,150,sell
TRD0555,BT001,2024-01-04 07:40:00,179.2,100,buy
TRD0556,BT001,2024-01-04 07:45:00,178.46,100,sell
TRD0557,BT001,2024-01-04 07:50:00,177.71,200,buy
TRD0558,BT001,2024-01-04 07:55:00,178.39,200,sell
TRD0559,BT001,2024-01-04 08:00:00,179.19,50,buy
TRD0560,BT001,2024-01-04 08:05:00,179.87,200,sell
TRD0561,BT001,2024-01-04 08:10:00,180.07,150,buy
TRD0562,BT001,2024-01-04 08:15:00,179.81,50,sell
TRD0563,BT001,2024-01-04 08:20:00,179.5,150,buy
TRD0564,BT001,2024-01-04 08:25:00,179.46,50,sell
TRD0565,BT001,2024-01-04 08:30:00,179.57,150,buy
TRD0566,BT001,2024-01-04 08:35:00,178.81,150,sell
TRD0567,BT001,2024-01-04 08:40:00,179.72,150,buy
TRD0568,BT001,2024-01-04 08:45:00,178.92,150,sell
TRD0569,BT001,2024-01-04 08:50:00,179.98,200,buy
TRD0570,BT001,2024-01-04 08:55:00,178.74,50,sell
TRD0571,BT001,2024-01-04 09:00:00,178.45,150,buy
TRD0572,BT001,2024-01-04 09:05:00,176.97,100,sell
TRD0573,BT001,2024-01-04 09:10:00,176.23,150,buy
TRD0574,BT001,2024-01-04 09:15:00,175.37,50,sell
TRD0575,BT001,2024-01-04 09:20:00,175.03,150,buy
TRD0576,BT001,2024-01-04 09:25:00,174.01,50,sell
TRD0577,BT001,2024-01-04 09:30:00,175.0,100,buy
TRD0578,BT001,2024-01-04 09:35:00,174.86,150,sell
TRD0579,BT001,2024-01-04 09:40:00,174.34,50,buy
TRD0580,BT001,2024-01-04 09:45:00,173.33,100,sell
TRD0581,BT001,2024-01-04 09:50:00,172.44,150,buy
TRD0582,BT001,2024-01-04 09:55:00,173.05,150,sell
TRD0583,BT001,2024-01-04 10:00:00,173.38,50,buy
TRD0584,BT001,2024-01-04 10:05:00,172.18,150,sell
TRD0585,BT001,2024-01-04 10:10:00,171.06,200,buy
TRD0586,BT001,2024-01-04 10:15:00,170.2,50,sell
TRD0587,BT001,2024-01-04 10:20:00,171.62,50,buy
TRD0588,BT001,2024-01-04 10:25:00,170.66,150,sell
TRD0589,BT001,2024-01-04 10:30:00,171.81,100,buy
TRD0590,BT001,2024-01-04 10:35:00,172.07,100,sell
TRD0591,BT001,2024-01-04 10:40:00,170.93,100,buy
TRD0592,BT001,2024-01-04 10:45:00,170.32,200,sell
TRD0593,BT001,2024-01-04 10:50:00,171.18,50,buy
TRD0594,BT001,2024-01-04 10:55:00,171.81,200,sell
TRD0595,BT001,2024-01-04 11:00:00,172.79,150,buy
TRD0596,BT001,2024-01-04 11:05:00,173.84,200,sell
TRD0597,BT001,2024-01-04 11:10:00,172.74,150,buy
TRD0598,BT001,2024-01-04 11:15:00,171.42,100,sell
TRD0599,BT001,2024-01-04 11:20:00,171.05,100,buy
TRD0600,BT001,2024-01-04 11:25:00,169.81,200,sell
TRD0601,BT001,2024-01-04 11:30:00,169.51,200,buy
TRD0602,BT001,2024-01-04 11:35:00,169.62,100,sell
TRD0603,BT001,2024-01-04 11:40:00,169.5,50,buy
TRD0604,BT001,2024-01-04 11:45:00,168.18,50,sell
TRD0605,BT001,2024-01-04 11:50:00,169.53,50,buy
TRD0606,BT001,2024-01-04 11:55:00,169.85,100,sell
TRD0607,BT001,2024-01-04 12:00:00,169.39,200,buy
TRD0608,BT001,2024-01-04 12:05:00,169.66,100,sell
TRD0609,BT001,2024-01-04 12:10:00,170.59,100,buy
TRD0610,BT001,2024-01-04 12:15:00,171.54,150,sell
TRD0611,BT001,2024-01-04 12:20:00,170.76,50,buy
TRD0612,BT001,2024-01-04 12:25:00,169.95,150,sell
TRD0613,BT001,2024-01-04 12:30:00,169.36,100,buy
TRD0614,BT001,2024-01-04 12:35:00,168.25,100,sell
TRD0615,BT001,2024-01-04 12:40:00,168.04,150,buy
TRD0616,BT001,2024-01-04 12:45:00,169.07,50,sell
TRD0617,BT001,2024-01-04 12:50:00,168.11,100,buy
TRD0618,BT001,2024-01-04 12:55:00,169.38,100,sell
TRD0619,BT001,2024-01-04 13:00:00,169.91,50,buy
TRD0620,BT001,2024-01-04 13:05:00,168.64,150,sell
TRD0621,BT001,2024-01-04 13:10:00,169.66,50,buy
TRD0622,BT001,2024-01-04 13:15:00,168.98,100,sell
TRD0623,BT001,2024-01-04 13:20:00,169.77,200,buy
TRD0624,BT001,2024-01-04 13:25:00,168.47,50,sell
TRD0625,BT001,2024-01-04 13:30:00,169.55,100,buy
TRD0626,BT001,2024-01-04 13:35:00,170.51,200,sell
TRD0627,BT001,2024-01-04 13:40:00,170.61,200,buy
TRD0628,BT001,2024-01-04 13:45:00,169.7,150,sell
TRD0629,BT001,2024-01-04 13:50:00,170.27,200,buy
TRD0630,BT001,2024-01-04 13:55:00,171.47,50,sell
TRD0631,BT001,2024-01-04 14:00:00,170.58,150,buy
TRD0632,BT001,2024-01-04 14:05:00,170.32,50,sell
TRD0633,BT001,2024-01-04 14:10:00,169.97,200,buy
TRD0634,BT001,2024-01-04 14:15:00,168.56,150,sell
TRD0635,BT001,2024-01-04 14:20:00,169.09,150,buy
TRD0636,BT001,2024-01-04 14:25:00,168.81,150,sell
TRD0637,BT001,2024-01-04 14:30:00,169.43,50,buy
TRD0638,BT001,2024-01-04 14:35:00,168.57,150,sell
TRD0639,BT001,2024-01-04 14:40:00,169.44,100,buy
TRD0640,BT001,2024-01-04 14:45:00,168.14,100,sell
TRD0641,BT001,2024-01-04 14:50:00,166.91,100,buy
TRD0642,BT001,2024-01-04 14:55:00,165.69,100,sell
TRD0643,BT001,2024-01-04 15:00:00,165.44,200,buy
TRD0644,BT001,2024-01-04 15:05:00,165.77,50,sell
TRD0645,BT001,2024-01-04 15:10:00,167.03,100,buy
TRD0646,BT001,2024-01-04 15:15:00,166.48,100,sell
TRD0647,BT001,2024-01-04 15:20:00,167.85,200,buy
TRD0648,BT001,2024-01-04 15:25:00,168.95,200,sell
TRD0649,BT001,2024-01-04 15:30:00,170.15,200,buy
TRD0650,BT001,2024-01-04 15:35:00,170.43,100,sell
TRD0651,BT001,2024-01-04 15:40:00,171.73,200,buy
TRD0652,BT001,2024-01-04 15:45:00,170.41,50,sell
TRD0653,BT001,2024-01-04 15:50:00,171.47,150,buy
TRD0654,BT001,2024-01-04 15:55:00,171.99,50,sell
TRD0655,BT001,2024-01-04 16:00:00,173.32,100,buy
TRD0656,BT001,2024-01-04 16:05:00,173.76,50,sell
TRD0657,BT001,2024-01-04 16:10:00,174.54,200,buy
TRD0658,BT001,2024-01-04 16:15:00,174.97,100,sell
TRD0659,BT001,2024-01-04 16:20:00,176.41,100,buy
TRD0660,BT001,2024-01-04 16:25:00,177.25,200,sell
TRD0661,BT001,2024-01-04 16:30:00,178.05,50,buy
TRD0662,BT001,2024-01-04 16:35:00,177.6,100,sell
TRD0663,BT001,2024-01-04 16:40:00,176.32,150,buy
TRD0664,BT001,2024-01-04 16:45:00,174.91,50,sell
TRD0665,BT001,2024-01-04 16:50:00,176.21,50,buy
TRD0666,BT001,2024-01-04 16:55:00,177.28,150,sell
TRD0667,BT001,2024-01-04 17:00:00,178.59,200,buy
TRD0668,BT001,2024-01-04 17:05:00,180.02,50,sell
TRD0669,BT001,2024-01-04 17:10:00,180.45,200,buy
TRD0670,BT001,2024-01-04 17:15:00,179.17,150,sell
TRD0671,BT001,2024-01-04 17:20:00,179.91,100,buy
TRD0672,BT001,2024-01-04 17:25:00,181.36,100,sell
TRD0673,BT001,2024-01-04 17:30:00,180.13,100,buy
TRD0674,BT001,2024-01-04 17:35:00,179.57,100,sell
TRD0675,BT001,2024-01-04 17:40:00,178.61,150,buy
TRD0676,BT001,2024-01-04 17:45:00,179.15,200,sell
TRD0677,BT001,2024-01-04 17:50:00,180.55,100,buy
TRD0678,BT001,2024-01-04 17:55:00,180.81,50,sell
TRD0679,BT001,2024-01-04 18:00:00,179.52,150,buy
TRD0680,BT001,2024-01-04 18:05:00,180.33,200,sell
TRD0681,BT001,2024-01-04 18:10:00,181.33,50,buy
TRD0682,BT001,2024-01-04 18:15:00,181.39,200,sell
TRD0683,BT001,2024-01-04 18:20:00,182.19,100,buy
TRD0684,BT001,2024-01-04 18:25:00,182.1,150,sell
TRD0685,BT001,2024-01-04 18:30:00,182.57,100,buy
TRD0686,BT001,2024-01-04 18:35:00,183.03,200,sell
TRD0687,BT001,2024-01-04 18:40:00,182.99,100,buy
TRD0688,BT001,2024-01-04 18:45:00,182.17,50,sell
TRD0689,BT001,2024-01-04 18:50:00,183.07,200,buy
TRD0690,BT001,2024-01-04 18:55:00,184.38,150,sell
TRD0691,BT001,2024-01-04 19:00:00,184.83,150,buy
TRD0692,BT001,2024-01-04 19:05:00,183.39,50,sell
TRD0693,BT001,2024-01-04 19:10:00,182.92,200,buy
TRD0694,BT001,2024-01-04 19:15:00,182.38,150,sell
TRD0695,BT001,2024-01-04 19:20:00,183.59,50,buy
TRD0696,BT001,2024-01-04 19:25:00,183.97,50,sell
TRD0697,BT001,2024-01-04 19:30:00,183.96,50,buy
TRD0698,BT001,2024-01-04 19:35:00,183.32,50,sell
TRD0699,BT001,2024-01-04 19:40:00,184.78,150,buy
TRD0700,BT001,2024-01-04 19:45:00,183.96,100,sell
TRD0701,BT001,2024-01-04 19:50:00,182.81,200,buy
TRD0702,BT001,2024-01-04 19:55:00,182.14,100,sell
TRD0703,BT001,2024-01-04 20:00:00,183.46,100,buy
TRD0704,BT001,2024-01-04 20:05:00,184.46,50,sell
TRD0705,BT001,2024-01-04 20:10:00,183.71,50,buy
TRD0706,BT001,2024-01-04 20:15:00,184.18,50,sell
TRD0707,BT001,2024-01-04 20:20:00,185.31,100,buy
TRD0708,BT001,2024-01-04 20:25:00,186.34,50,sell
TRD0709,BT001,2024-01-04 20:30:00,186.26,100,buy
TRD0710,BT001,2024-01-04 20:35:00,187.32,100,sell
TRD0711,BT001,2024-01-04 20:40:00,186.96,50,buy
TRD0712,BT001,2024-01-04 20:45:00,186.59,50,sell
TRD0713,BT001,2024-01-04 20:50:00,186.76,100,buy
TRD0714,BT001,2024-01-04 20:55:00,185.32,200,sell
TRD0715,BT001,2024-01-04 21:00:00,186.11,150,buy
TRD0716,BT001,2024-01-04 21:05:00,185.76,50,sell
TRD0717,BT001,2024-01-04 21:10:00,187.21,100,buy
TRD0718,BT001,2024-01-04 21:15:00,187.9,150,sell
TRD0719,BT001,2024-01-04 21:20:00,186.57,200,buy
TRD0720,BT001,2024-01-04 21:25:00,187.76,200,sell
TRD0721,BT001,2024-01-04 21:30:00,187.93,100,buy
TRD0722,BT001,2024-01-04 21:35:00,187.61,200,sell
TRD0723,BT001,2024-01-04 21:40:00,188.25,200,buy
TRD0724,BT001,2024-01-04 21:45:00,187.61,150,sell
TRD0725,BT001,2024-01-04 21:50:00,189.06,50,buy
TRD0726,BT001,2024-01-04 21:55:00,188.65,150,sell
TRD0727,BT001,2024-01-04 22:00:00,189.7,200,buy
TRD0728,BT001,2024-01-04 22:05:00,188.43,50,sell
TRD0729,BT001,2024-01-04 22:10:00,189.83,50,buy
TRD0730,BT001,2024-01-04 22:15:00,189.28,100,sell
TRD0731,BT001,2024-01-04 22:20:00,190.46,50,buy
TRD0732,BT001,2024-01-04 22:25:00,189.12,150,sell
TRD0733,BT001,2024-01-04 22:30:00,188.27,150,buy
TRD0734,BT001,2024-01-04 22:35:00,188.78,200,sell
TRD0735,BT001,2024-01-04 22:40:00,189.18,50,buy
TRD0736,BT001,2024-01-04 22:45:00,189.7,50,sell
TRD0737,BT001,2024-01-04 22:50:00,190.18,50,buy
TRD0738,BT001,2024-01-04 22:55:00,189.74,150,sell
TRD0739,BT001,2024-01-04 23:00:00,189.13,200,buy
TRD0740,BT001,2024-01-04 23:05:00,190.02,200,sell
TRD0741,BT001,2024-01-04 23:10:00,188.96,50,buy
TRD0742,BT001,2024-01-04 23:15:00,188.55,50,sell
TRD0743,BT001,2024-01-04 23:20:00,189.28,200,buy
TRD0744,BT001,2024-01-04 23:25:00,189.48,150,sell
TRD0745,BT001,2024-01-04 23:30:00,188.86,100,buy
TRD0746,BT001,2024-01-04 23:35:00,190.21,150,sell
TRD0747,BT001,2024-01-04 23:40:00,191.08,200,buy
TRD0748,BT001,2024-01-04 23:45:00,190.24,100,sell
TRD0749,BT001,2024-01-04 23:50:00,190.05,150,buy
TRD0750,BT001,2024-01-04 23:55:00,190.34,50,sell
TRD0751,BT001,2024-01-05 00:00:00,189.7,100,buy
TRD0752,BT001,2024-01-05 00:05:00,188.65,200,sell
TRD0753,BT001,2024-01-05 00:10:00,189.23,200,buy
TRD0754,BT001,2024-01-05 00:15:00,190.56,50,sell
TRD0755,BT001,2024-01-05 00:20:00,189.76,50,buy
TRD0756,BT001,2024-01-05 00:25:00,190.94,100,sell
TRD0757,BT001,2024-01-05 00:30:00,191.74,100,buy
TRD0758,BT001,2024-01-05 00:35:00,190.72,200,sell
TRD0759,BT001,2024-01-05 00:40:00,189.96,100,buy
TRD0760,BT001,2024-01-05 00:45:00,189.15,200,sell
TRD0761,BT001,2024-01-05 00:50:00,190.09,200,buy
TRD0762,BT001,2024-01-05 00:55:00,190.32,200,sell
TRD0763,BT001,2024-01-05 01:00:00,191.58,100,buy
TRD0764,BT001,2024-01-05 01:05:00,192.99,50,sell
TRD0765,BT001,2024-01-05 01:10:00,193.33,50,buy
TRD0766,BT001,2024-01-05 01:15:00,193.22,100,sell
TRD0767,BT001,2024-01-05 01:20:00,193.34,100,buy
TRD0768,BT001,2024-01-05 01:25:00,193.85,200,sell
TRD0769,BT001,2024-01-05 01:30:00,195.26,50,buy
TRD0770,BT001,2024-01-05 01:35:00,195.73,100,sell
TRD0771,BT001,2024-01-05 01:40:00,196.26,50,buy
TRD0772,BT001,2024-01-05 01:45:00,195.87,150,sell
TRD0773,BT001,2024-01-05 01:50:00,197.11,100,buy
TRD0774,BT001,2024-01-05 01:55:00,197.5,50,sell
TRD0775,BT001,2024-01-05 02:00:00,198.01,50,buy
TRD0776,BT001,2024-01-05 02:05:00,199.2,200,sell
TRD0777,BT001,2024-01-05 02:10:00,198.4,50,buy
TRD0778,BT001,2024-01-05 02:15:00,198.15,100,sell
TRD0779,BT001,2024-01-05 02:20:00,196.8,150,buy
TRD0780,BT001,2024-01-05 02:25:00,197.61,100,sell
TRD0781,BT001,2024-01-05 02:30:00,198.9,100,buy
TRD0782,BT001,2024-01-05 02:35:00,198.39,200,sell
TRD0783,BT001,2024-01-05 02:40:00,198.25,100,buy
TRD0784,BT001,2024-01-05 02:45:00,198.71,50,sell
TRD0785,BT001,2024-01-05 02:50:00,198.62,150,buy
TRD0786,BT001,2024-01-05 02:55:00,199.61,150,sell
TRD0787,BT001,2024-01-05 03:00:00,200.24,200,buy
TRD0788,BT001,2024-01-05 03:05:00,200.08,100,sell
TRD0789,BT001,2024-01-05 03:10:00,201.56,150,buy
TRD0790,BT001,2024-01-05 03:15:00,202.64,50,sell
TRD0791,BT001,2024-01-05 03:20:00,201.2,100,buy
TRD0792,BT001,2024-01-05 03:25:00,200.79,150,sell
TRD0793,BT001,2024-01-05 03:30:00,202.21,200,buy
TRD0794,BT001,2024-01-05 03:35:00,202.38,50,sell
TRD0795,BT001,2024-01-05 03:40:00,203.67,200,buy
TRD0796,BT001,2024-01-05 03:45:00,204.86,100,sell
TRD0797,BT001,2024-01-05 03:50:00,204.29,200,buy
TRD0798,BT001,2024-01-05 03:55:00,205.08,100,sell
TRD0799,BT001,2024-01-05 04:00:00,203.6,50,buy
TRD0800,BT001,2024-01-05 04:05:00,202.58,50,sell
TRD0801,BT001,2024-01-05 04:10:00,202.69,50,buy
TRD0802,BT001,2024-01-05 04:15:00,203.47,150,sell
TRD0803,BT001,2024-01-05 04:20:00,202.93,50,buy
TRD0804,BT001,2024-01-05 04:25:00,202.33,200,sell
TRD0805,BT001,2024-01-05 04:30:00,201.54,200,buy
TRD0806,BT001,2024-01-05 04:35:00,200.24,200,sell
TRD0807,BT001,2024-01-05 04:40:00,200.36,50,buy
TRD0808,BT001,2024-01-05 04:45:00,199.65,200,sell
TRD0809,BT001,2024-01-05 04:50:00,199.68,150,buy
TRD0810,BT001,2024-01-05 04:55:00,200.22,150,sell
TRD0811,BT001,2024-01-05 05:00:00,200.02,150,buy
TRD0812,BT001,2024-01-05 05:05:00,199.64,100,sell
TRD0813,BT001,2024-01-05 05:10:00,198.96,100,buy
TRD0814,BT001,2024-01-05 05:15:00,198.86,200,sell
TRD0815,BT001,2024-01-05 05:20:00,199.64,50,buy
TRD0816,BT001,2024-01-05 05:25:00,199.88,200,sell
TRD0817,BT001,2024-01-05 05:30:00,200.31,50,buy
TRD0818,BT001,2024-01-05 05:35:00,198.87,100,sell
TRD0819,BT001,2024-01-05 05:40:00,199.67,100,buy
TRD0820,BT001,2024-01-05 05:45:00,200.68,100,sell
TRD0821,BT001,2024-01-05 05:50:00,199.31,150,buy
TRD0822,BT001,2024-01-05 05:55:00,200.61,150,sell
TRD0823,BT001,2024-01-05 06:00:00,200.95,150,buy
TRD0824,BT001,2024-01-05 06:05:00,200.9,150,sell
TRD0825,BT001,2024-01-05 06:10:00,200.95,200,buy
TRD0826,BT001,2024-01-05 06:15:00,202.43,100,sell
TRD0827,BT001,2024-01-05 06:20:00,202.6,200,buy
TRD0828,BT001,2024-01-05 06:25:00,201.53,100,sell
TRD0829,BT001,2024-01-05 06:30:00,202.26,150,buy
TRD0830,BT001,2024-01-05 06:35:00,202.57,150,sell
TRD0831,BT001,2024-01-05 06:40:00,203.68,150,buy
TRD0832,BT001,2024-01-05 06:45:00,202.79,150,sell
TRD0833,BT001,2024-01-05 06:50:00,202.35,100,buy
TRD0834,BT001,2024-01-05 06:55:00,202.25,50,sell
TRD0835,BT001,2024-01-05 07:00:00,201.39,100,buy
TRD0836,BT001,2024-01-05 07:05:00,201.88,100,sell
TRD0837,BT001,2024-01-05 07:10:00,202.91,150,buy
TRD0838,BT001,2024-01-05 07:15:00,201.49,150,sell
TRD0839,BT001,2024-01-05 07:20:00,200.84,200,buy
TRD0840,BT001,2024-01-05 07:25:00,201.34,200,sell
TRD0841,BT001,2024-01-05 07:30:00,202.18,100,buy
TRD0842,BT001,2024-01-05 07:35:00,201.85,50,sell
TRD0843,BT001,2024-01-05 07:40:00,202.99,100,buy
TRD0844,BT001,2024-01-05 07:45:00,203.32,150,sell
TRD0845,BT001,2024-01-05 07:50:00,204.5,150,buy
TRD0846,BT001,2024-01-05 07:55:00,204.89,50,sell
TRD0847,BT001,2024-01-05 08:00:00,203.8,200,buy
TRD0848,BT001,2024-01-05 08:05:00,204.81,150,sell
TRD0849,BT001,2024-01-05 08:10:00,204.91,150,buy
TRD0850,BT001,2024-01-05 08:15:00,204.31,200,sell
TRD0851,BT001,2024-01-05 08:20:00,203.27,150,buy
TRD0852,BT001,2024-01-05 08:25:00,201.98,50,sell
TRD0853,BT001,2024-01-05 08:30:00,201.97,150,buy
TRD0854,BT001,2024-01-05 08:35:00,202.63,200,sell
TRD0855,BT001,2024-01-05 08:40:00,203.86,200,buy
TRD0856,BT001,2024-01-05 08:45:00,203.99,50,sell
TRD0857,BT001,2024-01-05 08:50:00,202.65,200,buy
TRD0858,BT001,2024-01-05 08:55:00,201.31,150,sell
TRD0859,BT001,2024-01-05 09:00:00,202.1,50,buy
TRD0860,BT001,2024-01-05 09:05:00,200.82,150,sell
TRD0861,BT001,2024-01-05 09:10:00,202.27,100,buy
TRD0862,BT001,2024-01-05 09:15:00,200.84,50,sell
TRD0863,BT001,2024-01-05 09:20:00,202.25,200,buy
TRD0864,BT001,2024-01-05 09:25:00,201.63,100,sell
TRD0865,BT001,2024-01-05 09:30:00,200.39,50,buy
TRD0866,BT001,2024-01-05 09:35:00,199.08,100,sell
TRD0867,BT001,2024-01-05 09:40:00,199.67,50,buy
TRD0868,BT001,2024-01-05 09:45:00,200.56,200,sell
TRD0869,BT001,2024-01-05 09:50:00,200.49,100,buy
TRD0870,BT001,2024-01-05 09:55:00,199.54,150,sell
TRD0871,BT001,2024-01-05 10:00:00,198.47,200,buy
TRD0872,BT001,2024-01-05 10:05:00,199.64,200,sell
TRD0873,BT001,2024-01-05 10:10:00,200.24,50,buy
TRD0874,BT001,2024-01-05 10:15:00,201.36,200,sell
TRD0875,BT001,2024-01-05 10:20:00,200.36,150,buy
TRD0876,BT001,2024-01-05 10:25:00,199.76,50,sell
TRD0877,BT001,2024-01-05 10:30:00,199.18,100,buy
TRD0878,BT001,2024-01-05 10:35:00,199.06,50,sell
TRD0879,BT001,2024-01-05 10:40:00,200.53,150,buy
TRD0880,BT001,2024-01-05 10:45:00,199.81,150,sell
TRD0881,BT001,2024-01-05 10:50:00,198.92,200,buy
TRD0882,BT001,2024-01-05 10:55:00,197.8,150,sell
TRD0883,BT001,2024-01-05 11:00:00,197.28,50,buy
TRD0884,BT001,2024-01-05 11:05:00,196.51,200,sell
TRD0885,BT001,2024-01-05 11:10:00,195.47,150,buy
TRD0886,BT001,2024-01-05 11:15:00,195.57,150,sell
TRD0887,BT001,2024-01-05 11:20:00,194.89,200,buy
TRD0888,BT001,2024-01-05 11:25:00,195.77,150,sell
TRD0889,BT001,2024-01-05 11:30:00,196.91,150,buy
TRD0890,BT001,2024-01-05 11:35:00,197.08,150,sell
TRD0891,BT001,2024-01-05 11:40:00,197.62,100,buy
TRD0892,BT001,2024-01-05 11:45:00,197.39,50,sell
TRD0893,BT001,2024-01-05 11:50:00,196.89,100,buy
TRD0894,BT001,2024-01-05 11:55:00,195.6,50,sell
TRD0895,BT001,2024-01-05 12:00:00,195.37,100,buy
TRD0896,BT001,2024-01-05 12:05:00,195.73,200,sell
TRD0897,BT001,2024-01-05 12:10:00,194.87,150,buy
TRD0898,BT001,2024-01-05 12:15:00,193.87,50,sell
TRD0899,BT001,2024-01-05 12:20:00,193.01,50,buy
TRD0900,BT001,2024-01-05 12:25:00,193.07,100,sell
TRD0901,BT001,2024-01-05 12:30:00,192.05,200,buy
TRD0902,BT001,2024-01-05 12:35:00,192.65,200,sell
TRD0903,BT001,2024-01-05 12:40:00,192.59,200,buy
TRD0904,BT001,2024-01-05 12:45:00,191.98,200,sell
TRD0905,BT001,2024-01-05 12:50:00,191.49,50,buy
TRD0906,BT001,2024-01-05 12:55:00,192.54,100,sell
TRD0907,BT001,2024-01-05 13:00:00,193.34,150,buy
TRD0908,BT001,2024-01-05 13:05:00,192.65,100,sell
TRD0909,BT001,2024-01-05 13:10:00,192.44,50,buy
TRD0910,BT001,2024-01-05 13:15:00,190.98,200,sell
TRD0911,BT001,2024-01-05 13:20:00,192.07,200,buy
TRD0912,BT001,2024-01-05 13:25:00,193.35,100,sell
TRD0913,BT001,2024-01-05 13:30:00,194.51,200,buy
TRD0914,BT001,2024-01-05 13:35:00,194.33,150,sell
TRD0915,BT001,2024-01-05 13:40:00,194.67,50,buy
TRD0916,BT001,2024-01-05 13:45:00,195.54,150,sell
TRD0917,BT001,2024-01-05 13:50:00,194.06,200,buy
TRD0918,BT001,2024-01-05 13:55:00,194.74,100,sell
TRD0919,BT001,2024-01-05 14:00:00,194.15,50,buy
TRD0920,BT001,2024-01-05 14:05:00,193.34,200,sell
TRD0921,BT001,2024-01-05 14:10:00,194.33,200,buy
TRD0922,BT001,2024-01-05 14:15:00,194.01,150,sell
TRD0923,BT001,2024-01-05 14:20:00,193.41,100,buy
TRD0924,BT001,2024-01-05 14:25:00,193.4,50,sell
TRD0925,BT001,2024-01-05 14:30:00,193.55,200,buy
TRD0926,BT001,2024-01-05 14:35:00,194.6,100,sell
TRD0927,BT001,2024-01-05 14:40:00,195.22,200,buy
TRD0928,BT001,2024-01-05 14:45:00,196.37,150,sell
TRD0929,BT001,2024-01-05 14:50:00,195.33,100,buy
TRD0930,BT001,2024-01-05 14:55:00,196.65,50,sell
TRD0931,BT001,2024-01-05 15:00:00,195.67,200,buy
TRD0932,BT001,2024-01-05 15:05:00,196.12,150,sell
TRD0933,BT001,2024-01-05 15:10:00,196.43,100,buy
TRD0934,BT001,2024-01-05 15:15:00,197.89,50,sell
TRD0935,BT001,2024-01-05 15:20:00,197.02,150,buy
TRD0936,BT001,2024-01-05 15:25:00,195.84,150,sell
TRD0937,BT001,2024-01-05 15:30:00,195.88,100,buy
TRD0938,BT001,2024-01-05 15:35:00,196.57,150,sell
TRD0939,BT001,2024-01-05 15:40:00,197.61,150,buy
TRD0940,BT001,2024-01-05 15:45:00,198.38,150,sell
TRD0941,BT001,2024-01-05 15:50:00,199.43,150,buy
TRD0942,BT001,2024-01-05 15:55:00,200.04,100,sell
TRD0943,BT001,2024-01-05 16:00:00,199.32,150,buy
TRD0944,BT001,2024-01-05 16:05:00,198.22,100,sell
TRD0945,BT001,2024-01-05 16:10:00,197.29,100,buy
TRD0946,BT001,2024-01-05 16:15:00,195.83,100,sell
TRD0947,BT001,2024-01-05 16:20:00,197.32,150,buy
TRD0948,BT001,2024-01-05 16:25:00,198.22,200,sell
TRD0949,BT001,2024-01-05 16:30:00,197.85,150,buy
TRD0950,BT001,2024-01-05 16:35:00,196.69,50,sell
TRD0951,BT001,2024-01-05 16:40:00,195.85,50,buy
TRD0952,BT001,2024-01-05 16:45:00,195.27,150,sell
TRD0953,BT001,2024-01-05 16:50:00,196.0,50,buy
TRD0954,BT001,2024-01-05 16:55:00,195.55,150,sell
TRD0955,BT001,2024-01-05 17:00:00,195.56,50,buy
TRD0956,BT001,2024-01-05 17:05:00,195.72,50,sell
TRD0957,BT001,2024-01-05 17:10:00,195.88,50,buy
TRD0958,BT001,2024-01-05 17:15:00,194.82,200,sell
TRD0959,BT001,2024-01-05 17:20:00,195.6,100,buy
TRD0960,BT001,2024-01-05 17:25:00,195.78,100,sell
TRD0961,BT001,2024-01-05 17:30:00,195.63,50,buy
TRD0962,BT001,2024-01-05 17:35:00,194.69,50,sell
TRD0963,BT001,2024-01-05 17:40:00,193.87,200,buy
TRD0964,BT001,2024-01-05 17:45:00,193.87,200,sell
TRD0965,BT001,2024-01-05 17:50:00,192.42,100,buy
TRD0966,BT001,2024-01-05 17:55:00,191.24,200,sell
TRD0967,BT001,2024-01-05 18:00:00,192.44,200,buy
TRD0968,BT001,2024-01-05 18:05:00,192.3,100,sell
TRD0969,BT001,2024-01-05 18:10:00,192.9,100,buy
TRD0970,BT001,2024-01-05 18:15:00,194.26,100,sell
TRD0971,BT001,2024-01-05 18:20:00,194.06,100,buy
TRD0972,BT001,2024-01-05 18:25:00,193.91,150,sell
TRD0973,BT001,2024-01-05 18:30:00,193.6,50,buy
TRD0974,BT001,2024-01-05 18:35:00,193.1,200,sell
TRD0975,BT001,2024-01-05 18:40:00,191.9,100,buy
TRD0976,BT001,2024-01-05 18:45:00,193.0,150,sell
TRD0977,BT001,2024-01-05 18:50:00,193.92,50,buy
TRD0978,BT001,2024-01-05 18:55:00,193.4,150,sell
TRD0979,BT001,2024-01-05 19:00:00,193.49,100,buy
TRD0980,BT001,2024-01-05 19:05:00,193.37,150,sell
TRD0981,BT001,2024-01-05 19:10:00,193.23,100,buy
TRD0982,BT001,2024-01-05 19:15:00,192.52,200,sell
TRD0983,BT001,2024-01-05 19:20:00,192.23,50,buy
TRD0984,BT001,2024-01-05 19:25:00,191.89,50,sell
TRD0985,BT001,2024-01-05 19:30:00,192.56,150,buy
TRD0986,BT001,2024-01-05 19:35:00,192.23,200,sell
TRD0987,BT001,2024-01-05 19:40:00,192.08,150,buy
TRD0988,BT001,2024-01-05 19:45:00,192.43,200,sell
TRD0989,BT001,2024-01-05 19:50:00,190.99,200,buy
TRD0990,BT001,2024-01-05 19:55:00,192.36,100,sell
TRD0991,BT001,2024-01-05 20:00:00,192.43,150,buy
TRD0992,BT001,2024-01-05 20:05:00,191.33,150,sell
TRD0993,BT001,2024-01-05 20:10:00,190.41,100,buy
TRD0994,BT001,2024-01-05 20:15:00,189.94,150,sell
TRD0995,BT001,2024-01-05 20:20:00,190.25,150,buy
TRD0996,BT001,2024-01-05 20:25:00,188.78,200,sell
TRD0997,BT001,2024-01-05 20:30:00,187.55,50,buy
TRD0998,BT001,2024-01-05 20:35:00,188.71,200,sell
TRD0999,BT001,2024-01-05 20:40:00,187.26,50,buy
TRD1000,BT001,2024-01-05 20:45:00,187.75,200,sell
